
{
    "region" : "us-east-1",
    "configuration" : "Debug",
    "framework"     : "net8.0",
    "self-contained" : true,
    "application"    : "MvcCoreSeriesBeanstalk",
    "environment"    : "MvcCoreSeriesBeanstalkAlejo-dev",
    "enable-xray"    : false,
    "enhanced-health-type" : "basic",
    "additional-options"   : "",
    "solution-stack"       : "64bit Amazon Linux 2 v2.7.1 running .NET Core",
    "environment-type"     : "SingleInstance",
    "cname"                : "mvccoreseriesbeanstalkalejo-dev",
    "instance-type"        : "t3a.medium",
    "key-pair"             : "keys-linux-web-server",
    "instance-profile"     : "ec2-elasticbeanstalk-allow",
    "service-role"         : "aws-elasticbeanstalk-service-role",
    "proxy-server"         : "nginx"
}